Consumer_ID,Restaurant_ID,Restaurant_Name,Overall_Rating,Cuisine,Price,Franchise
U1077,135085,Tortas Locas Hipocampo,I like it,Fast Food,Medium,No
U1077,135038,Restaurant La Chalita,I like it,Not Informed,Medium,No
U1077,132825,Puesto De Tacos,I like it,Mexican,Low,No
U1077,135060,Restaurante Marisco Sam,Okay,Seafood,Medium,No
U1068,135104,Vips,Okay,Not Informed,None,None
U1068,132740,Carreton De Flautas Y Migadas,Don't Like,Mexican,Low,No
U1068,132663,Tacos Abi,Okay,Mexican,Low,No
U1068,132732,Taqueria El Amigo ,Don't Like,Mexican,Low,No
U1068,132630,Palomo Tec,Okay,Mexican,Low,No
U1067,132584,Gorditas Doña Tota,I like it,Not Informed,None,None
U1067,132733,Little Caesars,Okay,Pizzeria,Medium,Yes
U1067,132732,Taqueria El Amigo ,Okay,Mexican,Low,No
U1067,132630,Palomo Tec,Okay,Mexican,Low,No
U1067,135104,Vips,Don't Like,Not Informed,None,None
U1067,132560,Puesto de Gorditas,Okay,Regional,Low,No
U1103,132584,Gorditas Doña Tota,Okay,Not Informed,None,None
U1103,132732,Taqueria El Amigo ,Don't Like,Mexican,Low,No
U1103,132630,Palomo Tec,Okay,Mexican,Low,No
U1103,132613,Carnitas Mata,I like it,Mexican,Medium,Yes
U1103,132667,Little Pizza Emilio Portes Gil,Okay,Armenian,Low,Yes
U1103,135104,Vips,Okay,Not Informed,None,None
U1103,132663,Tacos Abi,Okay,Mexican,Low,No
U1103,132733,Little Caesars,I like it,Pizzeria,Medium,Yes
U1107,132660,Carnitas Mata Calle Emilio Portes Gil,I like it,Not Informed,Low,No
U1107,132584,Gorditas Doña Tota,I like it,Not Informed,None,None
U1107,132733,Little Caesars,I like it,Pizzeria,Medium,Yes
U1044,135088,Cafeteria Cenidet,I like it,Cafeteria,Low,No
U1044,132583,McDonalds Centro,Okay,American,Low,Yes
U1070,132608,Hamburguesas La Perica,I like it,Mexican,Low,Yes
U1070,132609,Pollo Frito Buenos Aires,Okay,Fast Food,Low,Yes
U1070,132613,Carnitas Mata,Okay,Mexican,Medium,Yes
U1031,132663,Tacos Abi,Don't Like,Mexican,Low,No
U1031,132665,Tacos Correcaminos,Don't Like,Mexican,Low,No
U1031,132668,Tacos El Guero,Don't Like,Mexican,Low,No
U1082,132630,Palomo Tec,Okay,Mexican,Low,No
U1023,132715,Tacos De La Estacion,Don't Like,Mexican,Low,No
U1023,132717,Tortas Hawaii,Don't Like,Fast Food,Medium,No
U1082,132613,Carnitas Mata,Don't Like,Mexican,Medium,Yes
U1082,132594,Tacos De Barbacoa Enfrente Del Tec,Don't Like,Mexican,Low,No
U1082,132608,Hamburguesas La Perica,Don't Like,Mexican,Low,Yes
U1082,132609,Pollo Frito Buenos Aires,Don't Like,Fast Food,Low,Yes
U1082,132663,Tacos Abi,Don't Like,Mexican,Low,No
U1082,132560,Puesto de Gorditas,Don't Like,Regional,Low,No
U1060,132564,Church's,I like it,Not Informed,Low,Yes
U1060,132717,Tortas Hawaii,I like it,Fast Food,Medium,No
U1060,132733,Little Caesars,I like it,Pizzeria,Medium,Yes
U1060,132740,Carreton De Flautas Y Migadas,Okay,Mexican,Low,No
U1015,135071,Restaurante La Cantina,Don't Like,Bar,Medium,No
U1123,132733,Little Caesars,Okay,Pizzeria,Medium,Yes
U1123,132608,Hamburguesas La Perica,Okay,Mexican,Low,Yes
U1123,135104,Vips,I like it,Not Informed,None,None
U1123,132584,Gorditas Doña Tota,Okay,Not Informed,None,None
U1123,132667,Little Pizza Emilio Portes Gil,Okay,Armenian,Low,Yes
U1123,132740,Carreton De Flautas Y Migadas,Okay,Mexican,Low,No
U1123,132613,Carnitas Mata,Okay,Mexican,Medium,Yes
U1123,132594,Tacos De Barbacoa Enfrente Del Tec,Okay,Mexican,Low,No
U1021,132740,Carreton De Flautas Y Migadas,I like it,Mexican,Low,No
U1026,132626,La Perica Hamburguesa,I like it,Italian,Medium,Yes
U1021,132668,Tacos El Guero,I like it,Mexican,Low,No
U1021,132715,Tacos De La Estacion,I like it,Mexican,Low,No
U1044,134987,Chilis Cuernavaca,Don't Like,Not Informed,Medium,No
U1083,135034,Michiko Restaurant Japones,I like it,Japanese,Medium,No
U1083,132723,Gordas De Morales,Okay,Mexican,Medium,No
U1083,135046,Restaurante El Reyecito,I like it,Fast Food,Medium,No
U1108,135075,Mariscos El Pescador,I like it,Seafood,Medium,No
U1108,132572,Cafe Chaires,Okay,Cafeteria,Low,No
U1108,135074,Restaurante La Parroquia Potosina,I like it,Contemporary,High,No
U1108,135028,La Virreina,Okay,Mexican,Medium,No
U1108,135085,Tortas Locas Hipocampo,Okay,Fast Food,Medium,No
U1108,135032,Cafeteria Y Restaurant El Pacifico,I like it,Cafeteria,Medium,No
U1108,135086,McDonalds Parque Tangamanga,Okay,Burgers,Medium,Yes
U1108,132723,Gordas De Morales,I like it,Mexican,Medium,No
U1108,135046,Restaurante El Reyecito,Okay,Fast Food,Medium,No
U1108,135058,Restaurante Tiberius,Okay,Pizzeria,Medium,Yes
U1012,135001,Vips,Okay,Not Informed,None,None
U1012,134983,Restaurant And Bar And Clothesline Carlos N Charlies,I like it,Bar,High,No
U1012,134996,Sanborns Casa Piedra,I like it,Not Informed,Medium,Yes
U1093,135019,Restaurant Bar Coty Y Pablo,I like it,Bar,Low,No
U1093,134996,Sanborns Casa Piedra,I like it,Not Informed,Medium,Yes
U1093,135001,Vips,I like it,Not Informed,None,None
U1093,134976,Log Yin,I like it,Mexican,Low,No
U1093,134999,Kiku Cuernavaca,I like it,Japanese,Medium,No
U1030,135018,El Oceano Dorado,I like it,Mexican,Medium,No
U1093,135013,Giovannis,I like it,Not Informed,Low,No
U1030,134986,Restaurant Las Mañanitas,I like it,Not Informed,None,None
U1012,134986,Restaurant Las Mañanitas,I like it,Not Informed,None,None
U1012,135018,El Oceano Dorado,I like it,Mexican,Medium,No
U1030,135088,Cafeteria Cenidet,Okay,Cafeteria,Low,No
U1093,132767,Restaurant Familiar El Chino,I like it,Vietnamese,Medium,No
U1030,135016,Arrachela Grill,Don't Like,Not Informed,Medium,No
U1093,135011,Los Vikingos,Okay,Not Informed,Medium,Yes
U1030,132767,Restaurant Familiar El Chino,Don't Like,Vietnamese,Medium,No
U1030,135019,Restaurant Bar Coty Y Pablo,Don't Like,Bar,Low,No
U1030,135109,Paniroles,Don't Like,Italian,Medium,No
U1030,134996,Sanborns Casa Piedra,Don't Like,Not Informed,Medium,Yes
U1066,135011,Los Vikingos,Okay,Not Informed,Medium,Yes
U1066,134999,Kiku Cuernavaca,Okay,Japanese,Medium,No
U1127,134975,Rincon Del Bife,I like it,Not Informed,High,No
U1127,135021,Subway,I like it,Fast Food,Low,Yes
U1127,134987,Chilis Cuernavaca,I like it,Not Informed,Medium,No
U1127,134996,Sanborns Casa Piedra,I like it,Not Informed,Medium,Yes
U1017,132768,Mariscos Tia Licha,Okay,Family,Medium,Yes
U1066,135019,Restaurant Bar Coty Y Pablo,I like it,Bar,Low,No
U1017,134975,Rincon Del Bife,I like it,Not Informed,High,No
U1017,134983,Restaurant And Bar And Clothesline Carlos N Charlies,Don't Like,Bar,High,No
U1066,132767,Restaurant Familiar El Chino,Okay,Vietnamese,Medium,No
U1100,135021,Subway,I like it,Fast Food,Low,Yes
U1100,134996,Sanborns Casa Piedra,I like it,Not Informed,Medium,Yes
U1066,135013,Giovannis,Okay,Not Informed,Low,No
U1100,135000,Restaurant Los Pinos,I like it,Not Informed,Medium,No
U1100,135001,Vips,I like it,Not Informed,None,None
U1100,132768,Mariscos Tia Licha,I like it,Family,Medium,Yes
U1100,134976,Log Yin,I like it,Mexican,Low,No
U1133,134983,Restaurant And Bar And Clothesline Carlos N Charlies,Okay,Bar,High,No
U1133,134986,Restaurant Las Mañanitas,I like it,Not Informed,None,None
U1133,132766,Mikasa,Okay,Japanese,Medium,No
U1133,132767,Restaurant Familiar El Chino,Don't Like,Vietnamese,Medium,No
U1133,135021,Subway,I like it,Fast Food,Low,Yes
U1133,135001,Vips,I like it,Not Informed,None,None
U1133,134975,Rincon Del Bife,Okay,Not Informed,High,No
U1133,134992,Restaurant Teely,Okay,Not Informed,High,No
U1133,135019,Restaurant Bar Coty Y Pablo,Okay,Bar,Low,No
U1118,134987,Chilis Cuernavaca,Don't Like,Not Informed,Medium,No
U1072,135016,Arrachela Grill,Okay,Not Informed,Medium,No
U1072,132773,El Cotorreo,I like it,Family,Low,No
U1072,135088,Cafeteria Cenidet,Don't Like,Cafeteria,Low,No
U1026,132561,Cafe Ambar,Okay,Not Informed,Low,No
U1026,132706,Gorditas Dona Tota,Don't Like,Mexican,Medium,Yes
U1026,132654,Carnitas Mata  Calle 16 de Septiembre,Don't Like,Not Informed,Low,No
U1026,132665,Tacos Correcaminos,I like it,Mexican,Low,No
U1023,132740,Carreton De Flautas Y Migadas,Don't Like,Mexican,Low,No
U1023,132733,Little Caesars,I like it,Pizzeria,Medium,Yes
U1080,132668,Tacos El Guero,Okay,Mexican,Low,No
U1080,132660,Carnitas Mata Calle Emilio Portes Gil,I like it,Not Informed,Low,No
U1080,132733,Little Caesars,Okay,Pizzeria,Medium,Yes
U1080,132608,Hamburguesas La Perica,I like it,Mexican,Low,Yes
U1063,132660,Carnitas Mata Calle Emilio Portes Gil,I like it,Not Informed,Low,No
U1063,132584,Gorditas Doña Tota,I like it,Not Informed,None,None
U1063,132609,Pollo Frito Buenos Aires,Okay,Fast Food,Low,Yes
U1063,135104,Vips,Okay,Not Informed,None,None
U1063,132667,Little Pizza Emilio Portes Gil,Okay,Armenian,Low,Yes
U1080,132564,Church's,Okay,Not Informed,Low,Yes
U1080,132715,Tacos De La Estacion,Okay,Mexican,Low,No
U1082,132732,Taqueria El Amigo ,Don't Like,Mexican,Low,No
U1082,132733,Little Caesars,Don't Like,Pizzeria,Medium,Yes
U1074,135011,Los Vikingos,I like it,Not Informed,Medium,Yes
U1074,134987,Chilis Cuernavaca,I like it,Not Informed,Medium,No
U1074,134976,Log Yin,I like it,Mexican,Low,No
U1117,135018,El Oceano Dorado,Okay,Mexican,Medium,No
U1117,132766,Mikasa,Don't Like,Japanese,Medium,No
U1117,135088,Cafeteria Cenidet,Okay,Cafeteria,Low,No
U1117,135016,Arrachela Grill,I like it,Not Informed,Medium,No
U1117,132773,El Cotorreo,Okay,Family,Low,No
U1117,135000,Restaurant Los Pinos,Okay,Not Informed,Medium,No
U1118,132583,McDonalds Centro,Don't Like,American,Low,Yes
U1118,132768,Mariscos Tia Licha,Don't Like,Family,Medium,Yes
U1118,135021,Subway,I like it,Fast Food,Low,Yes
U1118,134983,Restaurant And Bar And Clothesline Carlos N Charlies,Don't Like,Bar,High,No
U1118,135001,Vips,Don't Like,Not Informed,None,None
U1118,134992,Restaurant Teely,Don't Like,Not Informed,High,No
U1020,135088,Cafeteria Cenidet,Okay,Cafeteria,Low,No
U1020,132768,Mariscos Tia Licha,I like it,Family,Medium,Yes
U1020,134996,Sanborns Casa Piedra,Okay,Not Informed,Medium,Yes
U1020,135109,Paniroles,I like it,Italian,Medium,No
U1051,135088,Cafeteria Cenidet,Okay,Cafeteria,Low,No
U1051,135109,Paniroles,Okay,Italian,Medium,No
U1051,132768,Mariscos Tia Licha,Okay,Family,Medium,Yes
U1055,135051,Restaurante Versalles,Okay,Not Informed,Low,No
U1055,135075,Mariscos El Pescador,I like it,Seafood,Medium,No
U1055,132572,Cafe Chaires,I like it,Cafeteria,Low,No
U1055,135028,La Virreina,I like it,Mexican,Medium,No
U1055,135025,El Rincon De San Francisco,I like it,Mexican,Medium,No
U1083,132572,Cafe Chaires,I like it,Cafeteria,Low,No
U1083,135049,Restaurante De Mariscos La Langosta,Don't Like,Seafood,Medium,No
U1055,135106,El Rincón De San Francisco,I like it,Not Informed,None,None
U1083,135072,Sushi Itto,Okay,Japanese,Medium,Yes
U1083,135074,Restaurante La Parroquia Potosina,I like it,Contemporary,High,No
U1083,132755,La Estrella De Dimas,I like it,Mexican,Medium,No
U1083,135044,Restaurant Wu Zhuo Yi,Okay,Chinese,Medium,No
U1055,135048,Restaurante Bar Fu-Hao,I like it,Bar,High,No
U1055,135047,Restaurante Casa De Las Flores,I like it,Not Informed,High,No
U1055,132754,Cabana Huasteca,I like it,Mexican,Medium,No
U1055,132825,Puesto De Tacos,I like it,Mexican,Low,No
U1053,135076,Restaurante Pueblo Bonito,Okay,Not Informed,High,No
U1053,135032,Cafeteria Y Restaurant El Pacifico,I like it,Cafeteria,Medium,No
U1053,132825,Puesto De Tacos,Okay,Mexican,Low,No
U1053,135063,Restaurante Alhondiga,I like it,Not Informed,Medium,No
U1035,135018,El Oceano Dorado,Okay,Mexican,Medium,No
U1035,132773,El Cotorreo,I like it,Family,Low,No
U1053,135042,Restaurant Oriental Express,I like it,Chinese,Medium,No
U1053,135053,La Fontana Pizza Restaurante And Cafe,I like it,Cafeteria,High,No
U1053,132754,Cabana Huasteca,Okay,Mexican,Medium,No
U1035,132583,McDonalds Centro,Okay,American,Low,Yes
U1053,135081,El Club,I like it,Not Informed,Medium,No
U1053,135025,El Rincon De San Francisco,I like it,Mexican,Medium,No
U1053,135038,Restaurant La Chalita,I like it,Not Informed,Medium,No
U1053,135060,Restaurante Marisco Sam,I like it,Seafood,Medium,No
U1053,135062,Restaurante El Cielo Potosino,I like it,Not Informed,Medium,No
U1053,135047,Restaurante Casa De Las Flores,I like it,Not Informed,High,No
U1064,135042,Restaurant Oriental Express,Okay,Chinese,Medium,No
U1081,135069,Abondance Restaurante Bar,Okay,Bar,Low,No
U1064,135057,El Herradero Restaurante And Bar,Okay,Bar,Medium,No
U1081,135076,Restaurante Pueblo Bonito,Okay,Not Informed,High,No
U1081,135043,Pizza Clasica,Don't Like,Fast Food,Medium,Yes
U1064,135069,Abondance Restaurante Bar,Don't Like,Bar,Low,No
U1081,135039,Restaurant De Mariscos De Picon,Don't Like,Seafood,Low,No
U1064,135060,Restaurante Marisco Sam,Okay,Seafood,Medium,No
U1064,135052,La Cantina Restaurante,I like it,Bar,High,No
U1081,132825,Puesto De Tacos,Okay,Mexican,Low,No
U1081,135032,Cafeteria Y Restaurant El Pacifico,Don't Like,Cafeteria,Medium,No
U1081,135028,La Virreina,Okay,Mexican,Medium,No
U1081,135085,Tortas Locas Hipocampo,Okay,Fast Food,Medium,No
U1081,135052,La Cantina Restaurante,Don't Like,Bar,High,No
U1081,135030,Preambulo Wifi Zone Cafe,Okay,Coffee Shop,Medium,No
U1081,135027,Restaurant Orizatlan,Don't Like,Mexican,Medium,No
U1001,132830,Rincon Huasteco,Okay,Not Informed,Low,No
U1001,132825,Puesto De Tacos,I like it,Mexican,Low,No
U1014,135076,Restaurante Pueblo Bonito,Okay,Not Informed,High,No
U1088,132830,Rincon Huasteco,Don't Like,Not Informed,Low,No
U1088,135108,Potzocalli,I like it,Not Informed,Low,No
U1014,135069,Abondance Restaurante Bar,Okay,Bar,Low,No
U1014,135050,Restaurante La Estrella De Dima,I like it,Not Informed,High,No
U1088,135057,El Herradero Restaurante And Bar,Okay,Bar,Medium,No
U1014,135081,El Club,I like it,Not Informed,Medium,No
U1014,135057,El Herradero Restaurante And Bar,Okay,Bar,Medium,No
U1014,135070,Restaurante 75,I like it,Not Informed,Medium,No
U1088,135041,Luna Cafe,I like it,Bar,Medium,No
U1088,135069,Abondance Restaurante Bar,Okay,Bar,Low,No
U1088,135082,La Estrella De Dimas,I like it,Not Informed,None,None
U1014,135043,Pizza Clasica,Okay,Fast Food,Medium,Yes
U1014,135042,Restaurant Oriental Express,Okay,Chinese,Medium,No
U1088,135071,Restaurante La Cantina,Don't Like,Bar,Medium,No
U1088,135054,Restaurante Y Pescaderia Tampico,I like it,Seafood,High,No
U1088,135070,Restaurante 75,I like it,Not Informed,Medium,No
U1014,135066,Restaurante Guerra,I like it,Not Informed,High,No
U1088,135032,Cafeteria Y Restaurant El Pacifico,I like it,Cafeteria,Medium,No
U1088,135081,El Club,Okay,Not Informed,Medium,No
U1088,135051,Restaurante Versalles,I like it,Not Informed,Low,No
U1014,132830,Rincon Huasteco,I like it,Not Informed,Low,No
U1014,135082,La Estrella De Dimas,Don't Like,Not Informed,None,None
U1056,135066,Restaurante Guerra,I like it,Not Informed,High,No
U1056,135050,Restaurante La Estrella De Dima,Don't Like,Not Informed,High,No
U1056,135076,Restaurante Pueblo Bonito,I like it,Not Informed,High,No
U1056,135081,El Club,I like it,Not Informed,Medium,No
U1056,135062,Restaurante El Cielo Potosino,I like it,Not Informed,Medium,No
U1056,135027,Restaurant Orizatlan,I like it,Mexican,Medium,No
U1056,135085,Tortas Locas Hipocampo,I like it,Fast Food,Medium,No
U1056,135052,La Cantina Restaurante,I like it,Bar,High,No
U1056,132825,Puesto De Tacos,I like it,Mexican,Low,No
U1056,135051,Restaurante Versalles,I like it,Not Informed,Low,No
U1134,135047,Restaurante Casa De Las Flores,Okay,Not Informed,High,No
U1134,135026,La Cantina,Don't Like,Bar,High,No
U1134,135044,Restaurant Wu Zhuo Yi,Okay,Chinese,Medium,No
U1134,132825,Puesto De Tacos,Okay,Mexican,Low,No
U1134,135059,Restaurant Bar Hacienda Los Martinez,I like it,Bar,Medium,No
U1134,135065,El Angel Restaurante,I like it,Not Informed,High,No
U1134,135046,Restaurante El Reyecito,I like it,Fast Food,Medium,No
U1134,135085,Tortas Locas Hipocampo,I like it,Fast Food,Medium,No
U1134,135079,Koye Sushi,Okay,Chinese,High,No
U1134,135055,La Cochinita Pibil Restaurante Yucateco,I like it,Mexican,High,No
U1134,132754,Cabana Huasteca,I like it,Mexican,Medium,No
U1134,132572,Cafe Chaires,Don't Like,Cafeteria,Low,No
U1134,135075,Mariscos El Pescador,I like it,Seafood,Medium,No
U1134,135080,Los Toneles,Okay,Not Informed,High,No
U1134,135064,Restaurante El Chivero S.A. De C.V.,I like it,Not Informed,High,No
U1134,135074,Restaurante La Parroquia Potosina,I like it,Contemporary,High,No
U1106,135041,Luna Cafe,Okay,Bar,Medium,No
U1126,135069,Abondance Restaurante Bar,Don't Like,Bar,Low,No
U1106,135032,Cafeteria Y Restaurant El Pacifico,Don't Like,Cafeteria,Medium,No
U1126,135057,El Herradero Restaurante And Bar,I like it,Bar,Medium,No
U1126,132830,Rincon Huasteco,Don't Like,Not Informed,Low,No
U1106,135028,La Virreina,I like it,Mexican,Medium,No
U1126,135040,Restaurant Los Compadres,Don't Like,Not Informed,High,No
U1126,135106,El Rincón De San Francisco,I like it,Not Informed,None,None
U1126,135052,La Cantina Restaurante,I like it,Bar,High,No
U1126,135041,Luna Cafe,I like it,Bar,Medium,No
U1126,135038,Restaurant La Chalita,Okay,Not Informed,Medium,No
U1126,135054,Restaurante Y Pescaderia Tampico,Okay,Seafood,High,No
U1126,135108,Potzocalli,I like it,Not Informed,Low,No
U1044,134986,Restaurant Las Mañanitas,I like it,Not Informed,None,None
U1124,135054,Restaurante Y Pescaderia Tampico,Okay,Seafood,High,No
U1044,132768,Mariscos Tia Licha,I like it,Family,Medium,Yes
U1124,135108,Potzocalli,Okay,Not Informed,Low,No
U1124,135032,Cafeteria Y Restaurant El Pacifico,Okay,Cafeteria,Medium,No
U1124,135071,Restaurante La Cantina,Okay,Bar,Medium,No
U1124,135070,Restaurante 75,Okay,Not Informed,Medium,No
U1124,135069,Abondance Restaurante Bar,Okay,Bar,Low,No
U1124,135081,El Club,Okay,Not Informed,Medium,No
U1124,135057,El Herradero Restaurante And Bar,Okay,Bar,Medium,No
U1124,135039,Restaurant De Mariscos De Picon,Okay,Seafood,Low,No
U1124,135050,Restaurante La Estrella De Dima,Don't Like,Not Informed,High,No
U1018,135043,Pizza Clasica,Don't Like,Fast Food,Medium,Yes
U1125,135043,Pizza Clasica,Okay,Fast Food,Medium,Yes
U1125,135081,El Club,Don't Like,Not Informed,Medium,No
U1125,135076,Restaurante Pueblo Bonito,Okay,Not Informed,High,No
U1018,135082,La Estrella De Dimas,I like it,Not Informed,None,None
U1125,135050,Restaurante La Estrella De Dima,I like it,Not Informed,High,No
U1125,135066,Restaurante Guerra,Okay,Not Informed,High,No
U1125,135032,Cafeteria Y Restaurant El Pacifico,Okay,Cafeteria,Medium,No
U1119,134986,Restaurant Las Mañanitas,I like it,Not Informed,None,None
U1119,135021,Subway,Don't Like,Fast Food,Low,Yes
U1119,135001,Vips,I like it,Not Informed,None,None
U1125,135042,Restaurant Oriental Express,Okay,Chinese,Medium,No
U1119,132583,McDonalds Centro,I like it,American,Low,Yes
U1125,135063,Restaurante Alhondiga,Okay,Not Informed,Medium,No
U1119,132768,Mariscos Tia Licha,I like it,Family,Medium,Yes
U1125,135060,Restaurante Marisco Sam,Okay,Seafood,Medium,No
U1125,135038,Restaurant La Chalita,I like it,Not Informed,Medium,No
U1125,135062,Restaurante El Cielo Potosino,Okay,Not Informed,Medium,No
U1018,135081,El Club,Okay,Not Informed,Medium,No
U1018,135057,El Herradero Restaurante And Bar,Okay,Bar,Medium,No
U1018,135066,Restaurante Guerra,Okay,Not Informed,High,No
U1018,135032,Cafeteria Y Restaurant El Pacifico,Okay,Cafeteria,Medium,No
U1018,135062,Restaurante El Cielo Potosino,Don't Like,Not Informed,Medium,No
U1018,135025,El Rincon De San Francisco,Okay,Mexican,Medium,No
U1018,135069,Abondance Restaurante Bar,Don't Like,Bar,Low,No
U1018,135108,Potzocalli,Okay,Not Informed,Low,No
U1076,135039,Restaurant De Mariscos De Picon,I like it,Seafood,Low,No
U1076,135038,Restaurant La Chalita,Okay,Not Informed,Medium,No
U1076,135027,Restaurant Orizatlan,Don't Like,Mexican,Medium,No
U1076,135042,Restaurant Oriental Express,I like it,Chinese,Medium,No
U1022,135040,Restaurant Los Compadres,Don't Like,Not Informed,High,No
U1076,135073,Restaurante Bar El Gallinero,I like it,Bar,High,No
U1022,135033,Restaurant El Muladar De Calzada,Okay,Not Informed,Medium,No
U1022,135025,El Rincon De San Francisco,Don't Like,Mexican,Medium,No
U1022,135032,Cafeteria Y Restaurant El Pacifico,Okay,Cafeteria,Medium,No
U1022,135057,El Herradero Restaurante And Bar,I like it,Bar,Medium,No
U1022,135060,Restaurante Marisco Sam,Okay,Seafood,Medium,No
U1022,135052,La Cantina Restaurante,I like it,Bar,High,No
U1022,135038,Restaurant La Chalita,I like it,Not Informed,Medium,No
U1022,135081,El Club,Don't Like,Not Informed,Medium,No
U1022,135045,Restaurante La Gran Via,I like it,Not Informed,High,No
U1022,135051,Restaurante Versalles,I like it,Not Informed,Low,No
U1022,135073,Restaurante Bar El Gallinero,I like it,Bar,High,No
U1022,135062,Restaurante El Cielo Potosino,Okay,Not Informed,Medium,No
U1022,135063,Restaurante Alhondiga,I like it,Not Informed,Medium,No
U1094,135054,Restaurante Y Pescaderia Tampico,Don't Like,Seafood,High,No
U1094,135082,La Estrella De Dimas,Don't Like,Not Informed,None,None
U1094,135057,El Herradero Restaurante And Bar,Don't Like,Bar,Medium,No
U1094,135071,Restaurante La Cantina,Don't Like,Bar,Medium,No
U1094,132830,Rincon Huasteco,Don't Like,Not Informed,Low,No
U1094,135070,Restaurante 75,Don't Like,Not Informed,Medium,No
U1094,135108,Potzocalli,Don't Like,Not Informed,Low,No
U1094,135069,Abondance Restaurante Bar,Don't Like,Bar,Low,No
U1116,135047,Restaurante Casa De Las Flores,I like it,Not Informed,High,No
U1116,135060,Restaurante Marisco Sam,Don't Like,Seafood,Medium,No
U1116,135038,Restaurant La Chalita,I like it,Not Informed,Medium,No
U1116,135085,Tortas Locas Hipocampo,I like it,Fast Food,Medium,No
U1116,135052,La Cantina Restaurante,I like it,Bar,High,No
U1116,135025,El Rincon De San Francisco,I like it,Mexican,Medium,No
U1116,135059,Restaurant Bar Hacienda Los Martinez,Don't Like,Bar,Medium,No
U1116,135027,Restaurant Orizatlan,Don't Like,Mexican,Medium,No
U1116,132825,Puesto De Tacos,I like it,Mexican,Low,No
U1116,135030,Preambulo Wifi Zone Cafe,Okay,Coffee Shop,Medium,No
U1116,132834,Gorditas Doa Gloria,I like it,Mexican,Low,No
U1105,135057,El Herradero Restaurante And Bar,Don't Like,Bar,Medium,No
U1105,135069,Abondance Restaurante Bar,Don't Like,Bar,Low,No
U1105,132830,Rincon Huasteco,Don't Like,Not Informed,Low,No
U1105,135040,Restaurant Los Compadres,Don't Like,Not Informed,High,No
U1105,135033,Restaurant El Muladar De Calzada,Don't Like,Not Informed,Medium,No
U1105,135054,Restaurante Y Pescaderia Tampico,Don't Like,Seafood,High,No
U1105,135039,Restaurant De Mariscos De Picon,Don't Like,Seafood,Low,No
U1105,135052,La Cantina Restaurante,Don't Like,Bar,High,No
U1075,135081,El Club,Okay,Not Informed,Medium,No
U1075,135066,Restaurante Guerra,I like it,Not Informed,High,No
U1075,135050,Restaurante La Estrella De Dima,I like it,Not Informed,High,No
U1007,135108,Potzocalli,Okay,Not Informed,Low,No
U1075,135076,Restaurante Pueblo Bonito,I like it,Not Informed,High,No
U1007,135057,El Herradero Restaurante And Bar,Okay,Bar,Medium,No
U1075,135032,Cafeteria Y Restaurant El Pacifico,Okay,Cafeteria,Medium,No
U1075,132834,Gorditas Doa Gloria,Okay,Mexican,Low,No
U1075,135057,El Herradero Restaurante And Bar,I like it,Bar,Medium,No
U1075,132830,Rincon Huasteco,Okay,Not Informed,Low,No
U1075,135062,Restaurante El Cielo Potosino,Okay,Not Informed,Medium,No
U1075,135039,Restaurant De Mariscos De Picon,I like it,Seafood,Low,No
U1075,135051,Restaurante Versalles,Okay,Not Informed,Low,No
U1075,135041,Luna Cafe,Okay,Bar,Medium,No
U1115,135057,El Herradero Restaurante And Bar,I like it,Bar,Medium,No
U1115,135082,La Estrella De Dimas,I like it,Not Informed,None,None
U1115,135054,Restaurante Y Pescaderia Tampico,Don't Like,Seafood,High,No
U1115,135108,Potzocalli,Okay,Not Informed,Low,No
U1115,135069,Abondance Restaurante Bar,Okay,Bar,Low,No
U1115,132830,Rincon Huasteco,I like it,Not Informed,Low,No
U1115,135070,Restaurante 75,Okay,Not Informed,Medium,No
U1115,135071,Restaurante La Cantina,I like it,Bar,Medium,No
U1072,135000,Restaurant Los Pinos,Don't Like,Not Informed,Medium,No
U1024,132834,Gorditas Doa Gloria,Okay,Mexican,Low,No
U1024,135106,El Rincón De San Francisco,Okay,Not Informed,None,None
U1024,135042,Restaurant Oriental Express,Okay,Chinese,Medium,No
U1024,132825,Puesto De Tacos,Okay,Mexican,Low,No
U1024,135060,Restaurante Marisco Sam,Okay,Seafood,Medium,No
U1024,135032,Cafeteria Y Restaurant El Pacifico,I like it,Cafeteria,Medium,No
U1024,135039,Restaurant De Mariscos De Picon,I like it,Seafood,Low,No
U1024,135045,Restaurante La Gran Via,I like it,Not Informed,High,No
U1024,135027,Restaurant Orizatlan,Okay,Mexican,Medium,No
U1024,135073,Restaurante Bar El Gallinero,Okay,Bar,High,No
U1024,135051,Restaurante Versalles,Okay,Not Informed,Low,No
U1024,135041,Luna Cafe,Okay,Bar,Medium,No
U1024,135038,Restaurant La Chalita,Okay,Not Informed,Medium,No
U1024,135028,La Virreina,Okay,Mexican,Medium,No
U1024,135030,Preambulo Wifi Zone Cafe,Okay,Coffee Shop,Medium,No
U1132,135038,Restaurant La Chalita,Okay,Not Informed,Medium,No
U1132,132825,Puesto De Tacos,I like it,Mexican,Low,No
U1132,135085,Tortas Locas Hipocampo,I like it,Fast Food,Medium,No
U1132,135062,Restaurante El Cielo Potosino,I like it,Not Informed,Medium,No
U1132,135025,El Rincon De San Francisco,Okay,Mexican,Medium,No
U1132,135052,La Cantina Restaurante,I like it,Bar,High,No
U1132,135028,La Virreina,I like it,Mexican,Medium,No
U1132,135032,Cafeteria Y Restaurant El Pacifico,Okay,Cafeteria,Medium,No
U1132,135051,Restaurante Versalles,Okay,Not Informed,Low,No
U1132,135027,Restaurant Orizatlan,I like it,Mexican,Medium,No
U1005,135050,Restaurante La Estrella De Dima,Okay,Not Informed,High,No
U1005,135076,Restaurante Pueblo Bonito,I like it,Not Informed,High,No
U1005,132830,Rincon Huasteco,Okay,Not Informed,Low,No
U1005,135066,Restaurante Guerra,I like it,Not Informed,High,No
U1005,135041,Luna Cafe,Okay,Bar,Medium,No
U1005,135057,El Herradero Restaurante And Bar,Okay,Bar,Medium,No
U1005,135043,Pizza Clasica,Don't Like,Fast Food,Medium,Yes
U1005,135042,Restaurant Oriental Express,I like it,Chinese,Medium,No
U1005,135032,Cafeteria Y Restaurant El Pacifico,I like it,Cafeteria,Medium,No
U1120,135085,Tortas Locas Hipocampo,Don't Like,Fast Food,Medium,No
U1120,132845,Cenaduria El Rincón De Tlaquepaque,Okay,Not Informed,None,None
U1120,135032,Cafeteria Y Restaurant El Pacifico,Okay,Cafeteria,Medium,No
U1120,135045,Restaurante La Gran Via,Okay,Not Informed,High,No
U1120,135038,Restaurant La Chalita,Don't Like,Not Informed,Medium,No
U1004,135060,Restaurante Marisco Sam,Okay,Seafood,Medium,No
U1004,135028,La Virreina,I like it,Mexican,Medium,No
U1004,135106,El Rincón De San Francisco,I like it,Not Informed,None,None
U1120,135057,El Herradero Restaurante And Bar,I like it,Bar,Medium,No
U1004,135062,Restaurante El Cielo Potosino,I like it,Not Informed,Medium,No
U1120,135026,La Cantina,Okay,Bar,High,No
U1004,135032,Cafeteria Y Restaurant El Pacifico,I like it,Cafeteria,Medium,No
U1120,132846,El Lechon Potosino ,I like it,International,Low,No
U1077,135027,Restaurant Orizatlan,Don't Like,Mexican,Medium,No
U1120,132847,Don Burguers,I like it,Not Informed,Low,No
U1037,135054,Restaurante Y Pescaderia Tampico,I like it,Seafood,High,No
U1037,135082,La Estrella De Dimas,Don't Like,Not Informed,None,None
U1037,135070,Restaurante 75,Don't Like,Not Informed,Medium,No
U1037,132845,Cenaduria El Rincón De Tlaquepaque,Don't Like,Not Informed,None,None
U1037,135108,Potzocalli,I like it,Not Informed,Low,No
U1037,132847,Don Burguers,Okay,Not Informed,Low,No
U1037,132830,Rincon Huasteco,I like it,Not Informed,Low,No
U1035,135000,Restaurant Los Pinos,I like it,Not Informed,Medium,No
U1035,134996,Sanborns Casa Piedra,I like it,Not Informed,Medium,Yes
U1035,134986,Restaurant Las Mañanitas,I like it,Not Informed,None,None
U1052,132851,KFC,Okay,American,Low,Yes
U1036,132834,Gorditas Doa Gloria,Okay,Mexican,Low,No
U1036,135064,Restaurante El Chivero S.A. De C.V.,I like it,Not Informed,High,No
U1036,135079,Koye Sushi,I like it,Chinese,High,No
U1036,135042,Restaurant Oriental Express,I like it,Chinese,Medium,No
U1036,135085,Tortas Locas Hipocampo,I like it,Fast Food,Medium,No
U1036,135025,El Rincon De San Francisco,I like it,Mexican,Medium,No
U1036,132825,Puesto De Tacos,I like it,Mexican,Low,No
U1036,135059,Restaurant Bar Hacienda Los Martinez,I like it,Bar,Medium,No
U1036,135052,La Cantina Restaurante,I like it,Bar,High,No
U1036,132754,Cabana Huasteca,I like it,Mexican,Medium,No
U1036,135065,El Angel Restaurante,Don't Like,Not Informed,High,No
U1036,135045,Restaurante La Gran Via,I like it,Not Informed,High,No
U1038,132854,Sirlone,Okay,International,Medium,No
U1038,132856,Unicol's Pizza,Don't Like,Italian,Low,No
U1038,132858,Hamburguesas Valle Dorado,Don't Like,Burgers,Low,No
U1038,132861,Carl's Jr,Okay,Burgers,Medium,Yes
U1038,132862,La Posada Del Virrey,I like it,International,High,No
U1071,132862,La Posada Del Virrey,I like it,International,High,No
U1071,135063,Restaurante Alhondiga,I like it,Not Informed,Medium,No
U1071,135052,La Cantina Restaurante,I like it,Bar,High,No
U1071,135060,Restaurante Marisco Sam,Okay,Seafood,Medium,No
U1071,135042,Restaurant Oriental Express,I like it,Chinese,Medium,No
U1071,132825,Puesto De Tacos,I like it,Mexican,Low,No
U1071,132856,Unicol's Pizza,I like it,Italian,Low,No
U1071,135032,Cafeteria Y Restaurant El Pacifico,I like it,Cafeteria,Medium,No
U1071,132834,Gorditas Doa Gloria,Okay,Mexican,Low,No
U1071,135039,Restaurant De Mariscos De Picon,I like it,Seafood,Low,No
U1071,135028,La Virreina,I like it,Mexican,Medium,No
U1071,135025,El Rincon De San Francisco,I like it,Mexican,Medium,No
U1071,135030,Preambulo Wifi Zone Cafe,I like it,Coffee Shop,Medium,No
U1114,135053,La Fontana Pizza Restaurante And Cafe,Don't Like,Cafeteria,High,No
U1084,135058,Restaurante Tiberius,Okay,Pizzeria,Medium,Yes
U1084,132862,La Posada Del Virrey,I like it,International,High,No
U1084,135072,Sushi Itto,I like it,Japanese,Medium,Yes
U1084,135030,Preambulo Wifi Zone Cafe,I like it,Coffee Shop,Medium,No
U1084,135026,La Cantina,I like it,Bar,High,No
U1084,135035,El Mundo De La Pasta,I like it,Italian,High,No
U1084,135045,Restaurante La Gran Via,I like it,Not Informed,High,No
U1084,132861,Carl's Jr,I like it,Burgers,Medium,Yes
U1084,135085,Tortas Locas Hipocampo,I like it,Fast Food,Medium,No
U1084,132723,Gordas De Morales,Okay,Mexican,Medium,No
U1049,132825,Puesto De Tacos,Don't Like,Mexican,Low,No
U1049,135041,Luna Cafe,Don't Like,Bar,Medium,No
U1019,132830,Rincon Huasteco,Don't Like,Not Informed,Low,No
U1019,135076,Restaurante Pueblo Bonito,Don't Like,Not Informed,High,No
U1019,135038,Restaurant La Chalita,Don't Like,Not Informed,Medium,No
U1019,132856,Unicol's Pizza,Don't Like,Italian,Low,No
U1069,135070,Restaurante 75,Don't Like,Not Informed,Medium,No
U1069,135082,La Estrella De Dimas,Don't Like,Not Informed,None,None
U1069,135108,Potzocalli,Don't Like,Not Informed,Low,No
U1069,132858,Hamburguesas Valle Dorado,Don't Like,Burgers,Low,No
U1069,135069,Abondance Restaurante Bar,Don't Like,Bar,Low,No
U1069,132846,El Lechon Potosino ,Don't Like,International,Low,No
U1069,132845,Cenaduria El Rincón De Tlaquepaque,Don't Like,Not Informed,None,None
U1069,132851,KFC,Okay,American,Low,Yes
U1069,132847,Don Burguers,Don't Like,Not Informed,Low,No
U1113,135038,Restaurant La Chalita,Okay,Not Informed,Medium,No
U1113,135057,El Herradero Restaurante And Bar,I like it,Bar,Medium,No
U1113,135085,Tortas Locas Hipocampo,Okay,Fast Food,Medium,No
U1113,135032,Cafeteria Y Restaurant El Pacifico,Don't Like,Cafeteria,Medium,No
U1113,135079,Koye Sushi,Okay,Chinese,High,No
U1113,135046,Restaurante El Reyecito,I like it,Fast Food,Medium,No
U1113,132856,Unicol's Pizza,Don't Like,Italian,Low,No
U1113,132854,Sirlone,Don't Like,International,Medium,No
U1104,135039,Restaurant De Mariscos De Picon,Don't Like,Seafood,Low,No
U1104,132825,Puesto De Tacos,Okay,Mexican,Low,No
U1104,135085,Tortas Locas Hipocampo,I like it,Fast Food,Medium,No
U1104,135030,Preambulo Wifi Zone Cafe,I like it,Coffee Shop,Medium,No
U1104,135062,Restaurante El Cielo Potosino,Okay,Not Informed,Medium,No
U1106,135047,Restaurante Casa De Las Flores,Don't Like,Not Informed,High,No
U1106,135052,La Cantina Restaurante,Don't Like,Bar,High,No
U1104,132834,Gorditas Doa Gloria,Okay,Mexican,Low,No
U1106,135106,El Rincón De San Francisco,Don't Like,Not Informed,None,None
U1106,132754,Cabana Huasteca,I like it,Mexican,Medium,No
U1104,135052,La Cantina Restaurante,Okay,Bar,High,No
U1106,132856,Unicol's Pizza,Don't Like,Italian,Low,No
U1104,135032,Cafeteria Y Restaurant El Pacifico,I like it,Cafeteria,Medium,No
U1104,135025,El Rincon De San Francisco,I like it,Mexican,Medium,No
U1106,132834,Gorditas Doa Gloria,I like it,Mexican,Low,No
U1104,135047,Restaurante Casa De Las Flores,Okay,Not Informed,High,No
U1106,135042,Restaurant Oriental Express,I like it,Chinese,Medium,No
U1106,135039,Restaurant De Mariscos De Picon,I like it,Seafood,Low,No
U1052,132866,Chaires,I like it,Bakery,Medium,No
U1106,135066,Restaurante Guerra,I like it,Not Informed,High,No
U1106,135085,Tortas Locas Hipocampo,I like it,Fast Food,Medium,No
U1104,135033,Restaurant El Muladar De Calzada,Okay,Not Informed,Medium,No
U1106,135062,Restaurante El Cielo Potosino,I like it,Not Informed,Medium,No
U1106,132862,La Posada Del Virrey,I like it,International,High,No
U1106,135030,Preambulo Wifi Zone Cafe,I like it,Coffee Shop,Medium,No
U1106,135079,Koye Sushi,I like it,Chinese,High,No
U1106,135064,Restaurante El Chivero S.A. De C.V.,I like it,Not Informed,High,No
U1052,132869,Dominos Pizza,I like it,Pizzeria,Medium,Yes
U1052,132870,Tortas Y Hamburguesas El Gordo,Okay,Burgers,Low,No
U1104,135041,Luna Cafe,Okay,Bar,Medium,No
U1079,134986,Restaurant Las Mañanitas,I like it,Not Informed,None,None
U1079,134976,Log Yin,Okay,Mexican,Low,No
U1079,132768,Mariscos Tia Licha,I like it,Family,Medium,Yes
U1079,132766,Mikasa,Okay,Japanese,Medium,No
U1045,132825,Puesto De Tacos,I like it,Mexican,Low,No
U1045,135064,Restaurante El Chivero S.A. De C.V.,Don't Like,Not Informed,High,No
U1045,132856,Unicol's Pizza,Okay,Italian,Low,No
U1045,135085,Tortas Locas Hipocampo,I like it,Fast Food,Medium,No
U1045,135032,Cafeteria Y Restaurant El Pacifico,Don't Like,Cafeteria,Medium,No
U1045,132834,Gorditas Doa Gloria,Okay,Mexican,Low,No
U1045,135052,La Cantina Restaurante,Okay,Bar,High,No
U1045,135060,Restaurante Marisco Sam,I like it,Seafood,Medium,No
U1045,135051,Restaurante Versalles,I like it,Not Informed,Low,No
U1045,135041,Luna Cafe,Okay,Bar,Medium,No
U1009,132754,Cabana Huasteca,Okay,Mexican,Medium,No
U1009,132862,La Posada Del Virrey,I like it,International,High,No
U1009,135060,Restaurante Marisco Sam,Okay,Seafood,Medium,No
U1009,135059,Restaurant Bar Hacienda Los Martinez,I like it,Bar,Medium,No
U1009,132834,Gorditas Doa Gloria,I like it,Mexican,Low,No
U1009,135058,Restaurante Tiberius,Okay,Pizzeria,Medium,Yes
U1009,135038,Restaurant La Chalita,I like it,Not Informed,Medium,No
U1009,132825,Puesto De Tacos,Okay,Mexican,Low,No
U1009,135052,La Cantina Restaurante,I like it,Bar,High,No
U1009,135063,Restaurante Alhondiga,Don't Like,Not Informed,Medium,No
U1009,135079,Koye Sushi,Okay,Chinese,High,No
U1016,132834,Gorditas Doa Gloria,I like it,Mexican,Low,No
U1016,135042,Restaurant Oriental Express,Okay,Chinese,Medium,No
U1016,135032,Cafeteria Y Restaurant El Pacifico,I like it,Cafeteria,Medium,No
U1016,135106,El Rincón De San Francisco,I like it,Not Informed,None,None
U1016,132856,Unicol's Pizza,I like it,Italian,Low,No
U1016,135045,Restaurante La Gran Via,I like it,Not Informed,High,No
U1016,135060,Restaurante Marisco Sam,I like it,Seafood,Medium,No
U1016,135066,Restaurante Guerra,I like it,Not Informed,High,No
U1016,135085,Tortas Locas Hipocampo,I like it,Fast Food,Medium,No
U1016,135052,La Cantina Restaurante,I like it,Bar,High,No
U1016,132862,La Posada Del Virrey,I like it,International,High,No
U1016,135051,Restaurante Versalles,I like it,Not Informed,Low,No
U1016,135062,Restaurante El Cielo Potosino,I like it,Not Informed,Medium,No
U1047,132875,Shi Ro Ie,Don't Like,Japanese,High,Yes
U1047,132877,Sirloin Stockade,Don't Like,Not Informed,Low,Yes
U1047,132884,Dairy Queen,Don't Like,Not Informed,Low,Yes
U1095,132872,Pizzeria Julios,Okay,American,Medium,No
U1095,135034,Michiko Restaurant Japones,I like it,Japanese,Medium,No
U1095,135058,Restaurante Tiberius,Okay,Pizzeria,Medium,Yes
U1034,135086,McDonalds Parque Tangamanga,Okay,Burgers,Medium,Yes
U1095,132861,Carl's Jr,Okay,Burgers,Medium,Yes
U1034,135049,Restaurante De Mariscos La Langosta,Don't Like,Seafood,Medium,No
U1034,132723,Gordas De Morales,Okay,Mexican,Medium,No
U1095,132723,Gordas De Morales,I like it,Mexican,Medium,No
U1095,135086,McDonalds Parque Tangamanga,Okay,Burgers,Medium,Yes
U1095,135055,La Cochinita Pibil Restaurante Yucateco,I like it,Mexican,High,No
U1007,135058,Restaurante Tiberius,Okay,Pizzeria,Medium,Yes
U1007,135085,Tortas Locas Hipocampo,Okay,Fast Food,Medium,No
U1095,135064,Restaurante El Chivero S.A. De C.V.,Okay,Not Informed,High,No
U1095,135035,El Mundo De La Pasta,I like it,Italian,High,No
U1095,135072,Sushi Itto,I like it,Japanese,Medium,Yes
U1007,135025,El Rincon De San Francisco,Okay,Mexican,Medium,No
U1007,135032,Cafeteria Y Restaurant El Pacifico,Okay,Cafeteria,Medium,No
U1007,135086,McDonalds Parque Tangamanga,Don't Like,Burgers,Medium,Yes
U1007,132572,Cafe Chaires,Okay,Cafeteria,Low,No
U1007,135038,Restaurant La Chalita,Okay,Not Informed,Medium,No
U1078,132885,Hamburguesas Saul,Okay,Cafeteria,Low,No
U1099,135076,Restaurante Pueblo Bonito,Okay,Not Informed,High,No
U1099,132834,Gorditas Doa Gloria,I like it,Mexican,Low,No
U1008,132866,Chaires,Okay,Bakery,Medium,No
U1008,132858,Hamburguesas Valle Dorado,Okay,Burgers,Low,No
U1099,135043,Pizza Clasica,I like it,Fast Food,Medium,Yes
U1099,132885,Hamburguesas Saul,Don't Like,Cafeteria,Low,No
U1008,132854,Sirlone,I like it,International,Medium,No
U1099,132872,Pizzeria Julios,Okay,American,Medium,No
U1008,135108,Potzocalli,Okay,Not Informed,Low,No
U1008,132851,KFC,Okay,American,Low,Yes
U1099,132856,Unicol's Pizza,Okay,Italian,Low,No
U1008,132869,Dominos Pizza,Okay,Pizzeria,Medium,Yes
U1099,135066,Restaurante Guerra,Okay,Not Informed,High,No
U1008,135069,Abondance Restaurante Bar,Okay,Bar,Low,No
U1099,135038,Restaurant La Chalita,Don't Like,Not Informed,Medium,No
U1099,135060,Restaurante Marisco Sam,I like it,Seafood,Medium,No
U1099,135045,Restaurante La Gran Via,Okay,Not Informed,High,No
U1008,132846,El Lechon Potosino ,Okay,International,Low,No
U1008,135054,Restaurante Y Pescaderia Tampico,Okay,Seafood,High,No
U1099,135042,Restaurant Oriental Express,Okay,Chinese,Medium,No
U1040,132773,El Cotorreo,Okay,Family,Low,No
U1040,134999,Kiku Cuernavaca,Okay,Japanese,Medium,No
U1040,135013,Giovannis,I like it,Not Informed,Low,No
U1040,135019,Restaurant Bar Coty Y Pablo,Okay,Bar,Low,No
U1121,135021,Subway,Don't Like,Fast Food,Low,Yes
U1110,135021,Subway,Okay,Fast Food,Low,Yes
U1110,132767,Restaurant Familiar El Chino,I like it,Vietnamese,Medium,No
U1110,135013,Giovannis,I like it,Not Informed,Low,No
U1110,134999,Kiku Cuernavaca,I like it,Japanese,Medium,No
U1121,135019,Restaurant Bar Coty Y Pablo,I like it,Bar,Low,No
U1121,132767,Restaurant Familiar El Chino,I like it,Vietnamese,Medium,No
U1121,134999,Kiku Cuernavaca,I like it,Japanese,Medium,No
U1042,132768,Mariscos Tia Licha,I like it,Family,Medium,Yes
U1042,135021,Subway,Okay,Fast Food,Low,Yes
U1042,134996,Sanborns Casa Piedra,I like it,Not Informed,Medium,Yes
U1013,135079,Koye Sushi,Okay,Chinese,High,No
U1013,135072,Sushi Itto,I like it,Japanese,Medium,Yes
U1013,135085,Tortas Locas Hipocampo,Okay,Fast Food,Medium,No
U1013,135076,Restaurante Pueblo Bonito,Okay,Not Informed,High,No
U1054,135062,Restaurante El Cielo Potosino,I like it,Not Informed,Medium,No
U1054,135060,Restaurante Marisco Sam,I like it,Seafood,Medium,No
U1054,135039,Restaurant De Mariscos De Picon,I like it,Seafood,Low,No
U1054,135052,La Cantina Restaurante,I like it,Bar,High,No
U1054,132856,Unicol's Pizza,I like it,Italian,Low,No
U1054,135051,Restaurante Versalles,I like it,Not Informed,Low,No
U1054,135025,El Rincon De San Francisco,I like it,Mexican,Medium,No
U1054,135041,Luna Cafe,I like it,Bar,Medium,No
U1054,135038,Restaurant La Chalita,I like it,Not Informed,Medium,No
U1054,135032,Cafeteria Y Restaurant El Pacifico,Okay,Cafeteria,Medium,No
U1054,135045,Restaurante La Gran Via,I like it,Not Informed,High,No
U1042,134986,Restaurant Las Mañanitas,I like it,Not Informed,None,None
U1042,134992,Restaurant Teely,Okay,Not Informed,High,No
U1111,132845,Cenaduria El Rincón De Tlaquepaque,I like it,Not Informed,None,None
U1111,135071,Restaurante La Cantina,I like it,Bar,Medium,No
U1111,132858,Hamburguesas Valle Dorado,Okay,Burgers,Low,No
U1111,132854,Sirlone,I like it,International,Medium,No
U1111,132877,Sirloin Stockade,Okay,Not Informed,Low,Yes
U1037,135071,Restaurante La Cantina,Okay,Bar,Medium,No
U1111,132851,KFC,I like it,American,Low,Yes
U1111,135108,Potzocalli,I like it,Not Informed,Low,No
U1111,132869,Dominos Pizza,Don't Like,Pizzeria,Medium,Yes
U1037,132869,Dominos Pizza,Okay,Pizzeria,Medium,Yes
U1111,132870,Tortas Y Hamburguesas El Gordo,Don't Like,Burgers,Low,No
U1037,132851,KFC,I like it,American,Low,Yes
U1111,132847,Don Burguers,Don't Like,Not Informed,Low,No
U1111,135082,La Estrella De Dimas,Okay,Not Informed,None,None
U1037,132854,Sirlone,Okay,International,Medium,No
U1015,132845,Cenaduria El Rincón De Tlaquepaque,Okay,Not Informed,None,None
U1015,132866,Chaires,Don't Like,Bakery,Medium,No
U1015,132870,Tortas Y Hamburguesas El Gordo,Don't Like,Burgers,Low,No
U1015,135054,Restaurante Y Pescaderia Tampico,Okay,Seafood,High,No
U1015,132869,Dominos Pizza,I like it,Pizzeria,Medium,Yes
U1015,132851,KFC,Okay,American,Low,Yes
U1015,132877,Sirloin Stockade,Okay,Not Informed,Low,Yes
U1128,132872,Pizzeria Julios,Don't Like,American,Medium,No
U1062,132872,Pizzeria Julios,Don't Like,American,Medium,No
U1101,135039,Restaurant De Mariscos De Picon,Okay,Seafood,Low,No
U1101,135027,Restaurant Orizatlan,I like it,Mexican,Medium,No
U1101,135073,Restaurante Bar El Gallinero,Okay,Bar,High,No
U1101,135106,El Rincón De San Francisco,Don't Like,Not Informed,None,None
U1101,132856,Unicol's Pizza,Okay,Italian,Low,No
U1101,135032,Cafeteria Y Restaurant El Pacifico,I like it,Cafeteria,Medium,No
U1101,135038,Restaurant La Chalita,I like it,Not Informed,Medium,No
U1101,135051,Restaurante Versalles,I like it,Not Informed,Low,No
U1101,135052,La Cantina Restaurante,I like it,Bar,High,No
U1101,135041,Luna Cafe,Don't Like,Bar,Medium,No
U1001,135085,Tortas Locas Hipocampo,Don't Like,Fast Food,Medium,No
U1001,135040,Restaurant Los Compadres,Okay,Not Informed,High,No
U1001,135039,Restaurant De Mariscos De Picon,Okay,Seafood,Low,No
U1001,135045,Restaurante La Gran Via,Okay,Not Informed,High,No
U1001,135033,Restaurant El Muladar De Calzada,Okay,Not Informed,Medium,No
U1001,135025,El Rincon De San Francisco,I like it,Mexican,Medium,No
U1001,135051,Restaurante Versalles,Okay,Not Informed,Low,No
U1135,135085,Tortas Locas Hipocampo,Don't Like,Fast Food,Medium,No
U1135,135106,El Rincón De San Francisco,Don't Like,Not Informed,None,None
U1135,135052,La Cantina Restaurante,Don't Like,Bar,High,No
U1135,135041,Luna Cafe,Don't Like,Bar,Medium,No
U1032,132872,Pizzeria Julios,Okay,American,Medium,No
U1032,135058,Restaurante Tiberius,I like it,Pizzeria,Medium,Yes
U1032,135079,Koye Sushi,I like it,Chinese,High,No
U1032,135085,Tortas Locas Hipocampo,Okay,Fast Food,Medium,No
U1032,135042,Restaurant Oriental Express,Don't Like,Chinese,Medium,No
U1032,132856,Unicol's Pizza,Okay,Italian,Low,No
U1135,132825,Puesto De Tacos,Don't Like,Mexican,Low,No
U1135,132834,Gorditas Doa Gloria,Don't Like,Mexican,Low,No
U1032,135038,Restaurant La Chalita,Okay,Not Informed,Medium,No
U1032,132834,Gorditas Doa Gloria,Okay,Mexican,Low,No
U1032,135060,Restaurante Marisco Sam,Okay,Seafood,Medium,No
U1135,135058,Restaurante Tiberius,Don't Like,Pizzeria,Medium,Yes
U1032,135032,Cafeteria Y Restaurant El Pacifico,Don't Like,Cafeteria,Medium,No
U1135,135063,Restaurante Alhondiga,Don't Like,Not Informed,Medium,No
U1135,132856,Unicol's Pizza,Don't Like,Italian,Low,No
U1135,135045,Restaurante La Gran Via,Don't Like,Not Informed,High,No
U1135,135028,La Virreina,Don't Like,Mexican,Medium,No
U1135,135032,Cafeteria Y Restaurant El Pacifico,Don't Like,Cafeteria,Medium,No
U1135,135042,Restaurant Oriental Express,Don't Like,Chinese,Medium,No
U1135,135060,Restaurante Marisco Sam,Don't Like,Seafood,Medium,No
U1048,135049,Restaurante De Mariscos La Langosta,Okay,Seafood,Medium,No
U1048,135026,La Cantina,I like it,Bar,High,No
U1048,135034,Michiko Restaurant Japones,I like it,Japanese,Medium,No
U1048,135048,Restaurante Bar Fu-Hao,Don't Like,Bar,High,No
U1048,135065,El Angel Restaurante,I like it,Not Informed,High,No
U1048,132755,La Estrella De Dimas,I like it,Mexican,Medium,No
U1048,132723,Gordas De Morales,I like it,Mexican,Medium,No
U1062,135085,Tortas Locas Hipocampo,Don't Like,Fast Food,Medium,No
U1062,135053,La Fontana Pizza Restaurante And Cafe,Don't Like,Cafeteria,High,No
U1092,135071,Restaurante La Cantina,Okay,Bar,Medium,No
U1062,132825,Puesto De Tacos,Don't Like,Mexican,Low,No
U1092,135085,Tortas Locas Hipocampo,Don't Like,Fast Food,Medium,No
U1062,135052,La Cantina Restaurante,Don't Like,Bar,High,No
U1092,135046,Restaurante El Reyecito,Don't Like,Fast Food,Medium,No
U1062,135062,Restaurante El Cielo Potosino,Don't Like,Not Informed,Medium,No
U1092,132572,Cafe Chaires,Okay,Cafeteria,Low,No
U1062,135038,Restaurant La Chalita,Don't Like,Not Informed,Medium,No
U1062,135045,Restaurante La Gran Via,Don't Like,Not Informed,High,No
U1092,135025,El Rincon De San Francisco,I like it,Mexican,Medium,No
U1062,132834,Gorditas Doa Gloria,Don't Like,Mexican,Low,No
U1092,132723,Gordas De Morales,Okay,Mexican,Medium,No
U1051,134996,Sanborns Casa Piedra,Okay,Not Informed,Medium,Yes
U1013,132875,Shi Ro Ie,I like it,Japanese,High,Yes
U1085,135043,Pizza Clasica,I like it,Fast Food,Medium,Yes
U1085,132885,Hamburguesas Saul,Don't Like,Cafeteria,Low,No
U1085,135050,Restaurante La Estrella De Dima,I like it,Not Informed,High,No
U1085,135076,Restaurante Pueblo Bonito,I like it,Not Informed,High,No
U1085,135081,El Club,I like it,Not Informed,Medium,No
U1109,135028,La Virreina,I like it,Mexican,Medium,No
U1109,132856,Unicol's Pizza,Okay,Italian,Low,No
U1085,135042,Restaurant Oriental Express,Don't Like,Chinese,Medium,No
U1085,135059,Restaurant Bar Hacienda Los Martinez,I like it,Bar,Medium,No
U1109,132825,Puesto De Tacos,I like it,Mexican,Low,No
U1085,132872,Pizzeria Julios,Don't Like,American,Medium,No
U1085,135055,La Cochinita Pibil Restaurante Yucateco,I like it,Mexican,High,No
U1109,135032,Cafeteria Y Restaurant El Pacifico,I like it,Cafeteria,Medium,No
U1085,132825,Puesto De Tacos,I like it,Mexican,Low,No
U1109,135063,Restaurante Alhondiga,I like it,Not Informed,Medium,No
U1109,135042,Restaurant Oriental Express,I like it,Chinese,Medium,No
U1109,135058,Restaurante Tiberius,I like it,Pizzeria,Medium,Yes
U1109,135085,Tortas Locas Hipocampo,I like it,Fast Food,Medium,No
U1109,135038,Restaurant La Chalita,I like it,Not Informed,Medium,No
U1109,132872,Pizzeria Julios,Okay,American,Medium,No
U1078,135081,El Club,Okay,Not Informed,Medium,No
U1078,135060,Restaurante Marisco Sam,I like it,Seafood,Medium,No
U1078,135106,El Rincón De San Francisco,I like it,Not Informed,None,None
U1078,135041,Luna Cafe,I like it,Bar,Medium,No
U1078,132834,Gorditas Doa Gloria,Don't Like,Mexican,Low,No
U1078,135052,La Cantina Restaurante,I like it,Bar,High,No
U1019,135079,Koye Sushi,Don't Like,Chinese,High,No
U1102,132846,El Lechon Potosino ,I like it,International,Low,No
U1098,132885,Hamburguesas Saul,Okay,Cafeteria,Low,No
U1098,135060,Restaurante Marisco Sam,I like it,Seafood,Medium,No
U1098,132856,Unicol's Pizza,Okay,Italian,Low,No
U1046,135026,La Cantina,Okay,Bar,High,No
U1122,135066,Restaurante Guerra,I like it,Not Informed,High,No
U1122,135065,El Angel Restaurante,I like it,Not Informed,High,No
U1122,132872,Pizzeria Julios,I like it,American,Medium,No
U1122,135058,Restaurante Tiberius,I like it,Pizzeria,Medium,Yes
U1122,132834,Gorditas Doa Gloria,I like it,Mexican,Low,No
U1122,132754,Cabana Huasteca,I like it,Mexican,Medium,No
U1122,135079,Koye Sushi,I like it,Chinese,High,No
U1122,135038,Restaurant La Chalita,I like it,Not Informed,Medium,No
U1122,135085,Tortas Locas Hipocampo,I like it,Fast Food,Medium,No
U1122,135030,Preambulo Wifi Zone Cafe,I like it,Coffee Shop,Medium,No
U1122,135064,Restaurante El Chivero S.A. De C.V.,Okay,Not Informed,High,No
U1122,135053,La Fontana Pizza Restaurante And Cafe,I like it,Cafeteria,High,No
U1138,132921,Crudalia,I like it,Bar,Low,No
U1138,132922,Cafe Punta Del Cielo,I like it,Cafeteria,Medium,No
U1138,132925,El Pueblito,Okay,Mexican,Medium,No
U1013,132921,Crudalia,I like it,Bar,Low,No
U1098,135085,Tortas Locas Hipocampo,Okay,Fast Food,Medium,No
U1098,132825,Puesto De Tacos,Okay,Mexican,Low,No
U1098,135079,Koye Sushi,I like it,Chinese,High,No
U1098,135032,Cafeteria Y Restaurant El Pacifico,I like it,Cafeteria,Medium,No
U1098,135038,Restaurant La Chalita,Okay,Not Informed,Medium,No
U1098,132861,Carl's Jr,I like it,Burgers,Medium,Yes
U1098,135046,Restaurante El Reyecito,Okay,Fast Food,Medium,No
U1098,132862,La Posada Del Virrey,Okay,International,High,No
U1098,132921,Crudalia,Okay,Bar,Low,No
U1034,132884,Dairy Queen,Don't Like,Not Informed,Low,Yes
U1034,135055,La Cochinita Pibil Restaurante Yucateco,Don't Like,Mexican,High,No
U1034,135035,El Mundo De La Pasta,Okay,Italian,High,No
U1033,135065,El Angel Restaurante,Okay,Not Informed,High,No
U1033,135028,La Virreina,I like it,Mexican,Medium,No
U1033,135085,Tortas Locas Hipocampo,I like it,Fast Food,Medium,No
U1033,135046,Restaurante El Reyecito,I like it,Fast Food,Medium,No
U1033,135045,Restaurante La Gran Via,I like it,Not Informed,High,No
U1033,132951,Vips,I like it,American,Low,Yes
U1033,132572,Cafe Chaires,Okay,Cafeteria,Low,No
U1033,132921,Crudalia,I like it,Bar,Low,No
U1033,135075,Mariscos El Pescador,I like it,Seafood,Medium,No
U1033,135038,Restaurant La Chalita,Okay,Not Informed,Medium,No
U1033,135030,Preambulo Wifi Zone Cafe,I like it,Coffee Shop,Medium,No
U1089,135058,Restaurante Tiberius,Okay,Pizzeria,Medium,Yes
U1089,135064,Restaurante El Chivero S.A. De C.V.,Okay,Not Informed,High,No
U1089,135028,La Virreina,Okay,Mexican,Medium,No
U1089,132951,Vips,Okay,American,Low,Yes
U1003,135064,Restaurante El Chivero S.A. De C.V.,Don't Like,Not Informed,High,No
U1089,132921,Crudalia,Okay,Bar,Low,No
U1003,132825,Puesto De Tacos,I like it,Mexican,Low,No
U1089,132754,Cabana Huasteca,Okay,Mexican,Medium,No
U1003,135075,Mariscos El Pescador,I like it,Seafood,Medium,No
U1089,135026,La Cantina,Okay,Bar,High,No
U1003,132862,La Posada Del Virrey,Okay,International,High,No
U1089,132872,Pizzeria Julios,Okay,American,Medium,No
U1089,135085,Tortas Locas Hipocampo,Okay,Fast Food,Medium,No
U1003,135041,Luna Cafe,Don't Like,Bar,Medium,No
U1089,135072,Sushi Itto,Okay,Japanese,Medium,Yes
U1089,132834,Gorditas Doa Gloria,Okay,Mexican,Low,No
U1003,132937,Rockabilly ,I like it,Bar,Low,No
U1089,132875,Shi Ro Ie,Okay,Japanese,High,Yes
U1089,135038,Restaurant La Chalita,Don't Like,Not Informed,Medium,No
U1003,132922,Cafe Punta Del Cielo,I like it,Cafeteria,Medium,No
U1091,132825,Puesto De Tacos,Don't Like,Mexican,Low,No
U1091,135075,Mariscos El Pescador,I like it,Seafood,Medium,No
U1089,135079,Koye Sushi,Don't Like,Chinese,High,No
U1003,132723,Gordas De Morales,I like it,Mexican,Medium,No
U1091,132861,Carl's Jr,Okay,Burgers,Medium,Yes
U1003,132755,La Estrella De Dimas,I like it,Mexican,Medium,No
U1091,132875,Shi Ro Ie,Okay,Japanese,High,Yes
U1003,135080,Los Toneles,I like it,Not Informed,High,No
U1091,135086,McDonalds Parque Tangamanga,Okay,Burgers,Medium,Yes
U1003,135079,Koye Sushi,I like it,Chinese,High,No
U1027,135066,Restaurante Guerra,Don't Like,Not Informed,High,No
U1091,135080,Los Toneles,Don't Like,Not Informed,High,No
U1027,132921,Crudalia,Okay,Bar,Low,No
U1091,132572,Cafe Chaires,I like it,Cafeteria,Low,No
U1027,135052,La Cantina Restaurante,Okay,Bar,High,No
U1091,132884,Dairy Queen,I like it,Not Informed,Low,Yes
U1091,135035,El Mundo De La Pasta,Okay,Italian,High,No
U1027,132937,Rockabilly ,Okay,Bar,Low,No
U1027,132951,Vips,Okay,American,Low,Yes
U1027,132925,El Pueblito,Okay,Mexican,Medium,No
U1027,132872,Pizzeria Julios,Okay,American,Medium,No
U1027,132875,Shi Ro Ie,Okay,Japanese,High,Yes
U1027,135085,Tortas Locas Hipocampo,Okay,Fast Food,Medium,No
U1027,135042,Restaurant Oriental Express,Okay,Chinese,Medium,No
U1027,135062,Restaurante El Cielo Potosino,Okay,Not Informed,Medium,No
U1029,135047,Restaurante Casa De Las Flores,Okay,Not Informed,High,No
U1029,135059,Restaurant Bar Hacienda Los Martinez,I like it,Bar,Medium,No
U1029,132937,Rockabilly ,Okay,Bar,Low,No
U1029,135085,Tortas Locas Hipocampo,Okay,Fast Food,Medium,No
U1029,132834,Gorditas Doa Gloria,Don't Like,Mexican,Low,No
U1029,132754,Cabana Huasteca,Don't Like,Mexican,Medium,No
U1029,132825,Puesto De Tacos,Okay,Mexican,Low,No
U1029,132921,Crudalia,Okay,Bar,Low,No
U1029,132862,La Posada Del Virrey,Okay,International,High,No
U1029,132922,Cafe Punta Del Cielo,Okay,Cafeteria,Medium,No
U1086,135063,Restaurante Alhondiga,Okay,Not Informed,Medium,No
U1086,132921,Crudalia,Okay,Bar,Low,No
U1086,135085,Tortas Locas Hipocampo,I like it,Fast Food,Medium,No
U1086,132922,Cafe Punta Del Cielo,I like it,Cafeteria,Medium,No
U1086,132937,Rockabilly ,I like it,Bar,Low,No
U1086,135045,Restaurante La Gran Via,I like it,Not Informed,High,No
U1086,135041,Luna Cafe,I like it,Bar,Medium,No
U1086,135060,Restaurante Marisco Sam,Okay,Seafood,Medium,No
U1086,132951,Vips,Okay,American,Low,Yes
U1019,132921,Crudalia,Don't Like,Bar,Low,No
U1019,132834,Gorditas Doa Gloria,Don't Like,Mexican,Low,No
U1137,132951,Vips,I like it,American,Low,Yes
U1019,135062,Restaurante El Cielo Potosino,Don't Like,Not Informed,Medium,No
U1019,135086,McDonalds Parque Tangamanga,Don't Like,Burgers,Medium,Yes
U1137,135085,Tortas Locas Hipocampo,I like it,Fast Food,Medium,No
U1137,132834,Gorditas Doa Gloria,I like it,Mexican,Low,No
U1090,132572,Cafe Chaires,Okay,Cafeteria,Low,No
U1137,132862,La Posada Del Virrey,I like it,International,High,No
U1137,135058,Restaurante Tiberius,Don't Like,Pizzeria,Medium,Yes
U1137,135059,Restaurant Bar Hacienda Los Martinez,I like it,Bar,Medium,No
U1137,135062,Restaurante El Cielo Potosino,I like it,Not Informed,Medium,No
U1137,132825,Puesto De Tacos,I like it,Mexican,Low,No
U1137,132723,Gordas De Morales,I like it,Mexican,Medium,No
U1137,132755,La Estrella De Dimas,I like it,Mexican,Medium,No
U1137,135042,Restaurant Oriental Express,I like it,Chinese,Medium,No
U1137,132884,Dairy Queen,I like it,Not Informed,Low,Yes
U1137,135049,Restaurante De Mariscos La Langosta,I like it,Seafood,Medium,No
U1137,135075,Mariscos El Pescador,I like it,Seafood,Medium,No
U1114,132825,Puesto De Tacos,Don't Like,Mexican,Low,No
U1114,135065,El Angel Restaurante,Don't Like,Not Informed,High,No
U1114,135058,Restaurante Tiberius,Don't Like,Pizzeria,Medium,Yes
U1114,132723,Gordas De Morales,Don't Like,Mexican,Medium,No
U1114,132951,Vips,Don't Like,American,Low,Yes
U1114,132872,Pizzeria Julios,Okay,American,Medium,No
U1114,132834,Gorditas Doa Gloria,Don't Like,Mexican,Low,No
U1114,135072,Sushi Itto,Don't Like,Japanese,Medium,Yes
U1114,132754,Cabana Huasteca,Don't Like,Mexican,Medium,No
U1114,132755,La Estrella De Dimas,Okay,Mexican,Medium,No
U1061,132825,Puesto De Tacos,Okay,Mexican,Low,No
U1061,135048,Restaurante Bar Fu-Hao,I like it,Bar,High,No
U1061,132921,Crudalia,Okay,Bar,Low,No
U1061,135026,La Cantina,I like it,Bar,High,No
U1061,132723,Gordas De Morales,I like it,Mexican,Medium,No
U1061,135075,Mariscos El Pescador,I like it,Seafood,Medium,No
U1061,135034,Michiko Restaurant Japones,I like it,Japanese,Medium,No
U1061,135041,Luna Cafe,I like it,Bar,Medium,No
U1013,132572,Cafe Chaires,Okay,Cafeteria,Low,No
U1013,135075,Mariscos El Pescador,I like it,Seafood,Medium,No
U1061,135046,Restaurante El Reyecito,Okay,Fast Food,Medium,No
U1061,132572,Cafe Chaires,Okay,Cafeteria,Low,No
U1061,135058,Restaurante Tiberius,Okay,Pizzeria,Medium,Yes
U1046,135044,Restaurant Wu Zhuo Yi,Okay,Chinese,Medium,No
U1046,135065,El Angel Restaurante,I like it,Not Informed,High,No
U1046,132921,Crudalia,I like it,Bar,Low,No
U1046,135085,Tortas Locas Hipocampo,Okay,Fast Food,Medium,No
U1046,132572,Cafe Chaires,Okay,Cafeteria,Low,No
U1046,135058,Restaurante Tiberius,I like it,Pizzeria,Medium,Yes
U1046,132951,Vips,Okay,American,Low,Yes
U1046,132861,Carl's Jr,Okay,Burgers,Medium,Yes
U1041,135001,Vips,Okay,Not Informed,None,None
U1041,134983,Restaurant And Bar And Clothesline Carlos N Charlies,I like it,Bar,High,No
U1041,135021,Subway,I like it,Fast Food,Low,Yes
U1041,134992,Restaurant Teely,I like it,Not Informed,High,No
U1041,132768,Mariscos Tia Licha,I like it,Family,Medium,Yes
U1041,135109,Paniroles,Okay,Italian,Medium,No
U1004,132954,La Parroquia,I like it,Breakfast,Medium,Yes
U1004,132955,Emilianos,I like it,Brewery,Low,Yes
U1004,132958,Tacos Los Volcanes,I like it,American,Low,Yes
U1003,132754,Cabana Huasteca,I like it,Mexican,Medium,No
U1059,135064,Restaurante El Chivero S.A. De C.V.,Okay,Not Informed,High,No
U1059,135075,Mariscos El Pescador,I like it,Seafood,Medium,No
U1059,135028,La Virreina,Okay,Mexican,Medium,No
U1061,132834,Gorditas Doa Gloria,Okay,Mexican,Low,No
U1061,135086,McDonalds Parque Tangamanga,Okay,Burgers,Medium,Yes
U1061,132754,Cabana Huasteca,I like it,Mexican,Medium,No
U1061,135080,Los Toneles,I like it,Not Informed,High,No
U1090,135062,Restaurante El Cielo Potosino,I like it,Not Informed,Medium,No
U1090,135052,La Cantina Restaurante,I like it,Bar,High,No
U1112,135047,Restaurante Casa De Las Flores,Don't Like,Not Informed,High,No
U1112,135026,La Cantina,Okay,Bar,High,No
U1112,135064,Restaurante El Chivero S.A. De C.V.,Don't Like,Not Informed,High,No
U1090,132862,La Posada Del Virrey,I like it,International,High,No
U1057,135070,Restaurante 75,Okay,Not Informed,Medium,No
U1112,132954,La Parroquia,Don't Like,Breakfast,Medium,Yes
U1057,135043,Pizza Clasica,Okay,Fast Food,Medium,Yes
U1112,135079,Koye Sushi,Okay,Chinese,High,No
U1112,135062,Restaurante El Cielo Potosino,Don't Like,Not Informed,Medium,No
U1090,135051,Restaurante Versalles,Okay,Not Informed,Low,No
U1090,132954,La Parroquia,I like it,Breakfast,Medium,Yes
U1112,135048,Restaurante Bar Fu-Hao,Don't Like,Bar,High,No
U1057,132954,La Parroquia,Okay,Breakfast,Medium,Yes
U1112,135086,McDonalds Parque Tangamanga,Don't Like,Burgers,Medium,Yes
U1061,132955,Emilianos,I like it,Brewery,Low,Yes
U1112,132921,Crudalia,Okay,Bar,Low,No
U1061,132958,Tacos Los Volcanes,I like it,American,Low,Yes
U1112,135046,Restaurante El Reyecito,Don't Like,Fast Food,Medium,No
U1090,135085,Tortas Locas Hipocampo,I like it,Fast Food,Medium,No
U1112,132572,Cafe Chaires,Don't Like,Cafeteria,Low,No
U1090,132922,Cafe Punta Del Cielo,I like it,Cafeteria,Medium,No
U1025,132866,Chaires,I like it,Bakery,Medium,No
U1057,135080,Los Toneles,Okay,Not Informed,High,No
U1112,132834,Gorditas Doa Gloria,Okay,Mexican,Low,No
U1057,132825,Puesto De Tacos,Okay,Mexican,Low,No
U1112,132862,La Posada Del Virrey,Okay,International,High,No
U1061,132954,La Parroquia,I like it,Breakfast,Medium,Yes
U1025,132877,Sirloin Stockade,Okay,Not Informed,Low,Yes
U1057,135064,Restaurante El Chivero S.A. De C.V.,Okay,Not Informed,High,No
U1057,135046,Restaurante El Reyecito,Okay,Fast Food,Medium,No
U1090,135025,El Rincon De San Francisco,I like it,Mexican,Medium,No
U1090,132925,El Pueblito,I like it,Mexican,Medium,No
U1057,132862,La Posada Del Virrey,Okay,International,High,No
U1057,135075,Mariscos El Pescador,Don't Like,Seafood,Medium,No
U1025,132847,Don Burguers,I like it,Not Informed,Low,No
U1057,135030,Preambulo Wifi Zone Cafe,Okay,Coffee Shop,Medium,No
U1025,135071,Restaurante La Cantina,I like it,Bar,Medium,No
U1057,132834,Gorditas Doa Gloria,Okay,Mexican,Low,No
U1025,132958,Tacos Los Volcanes,Okay,American,Low,Yes
U1025,132825,Puesto De Tacos,Don't Like,Mexican,Low,No
U1025,135028,La Virreina,I like it,Mexican,Medium,No
U1025,135047,Restaurante Casa De Las Flores,Okay,Not Informed,High,No
U1025,132846,El Lechon Potosino ,I like it,International,Low,No
U1025,135064,Restaurante El Chivero S.A. De C.V.,I like it,Not Informed,High,No
U1025,132830,Rincon Huasteco,I like it,Not Informed,Low,No
U1097,135079,Koye Sushi,I like it,Chinese,High,No
U1097,135058,Restaurante Tiberius,I like it,Pizzeria,Medium,Yes
U1097,132954,La Parroquia,Okay,Breakfast,Medium,Yes
U1097,132958,Tacos Los Volcanes,I like it,American,Low,Yes
U1097,135026,La Cantina,Okay,Bar,High,No
U1059,132955,Emilianos,I like it,Brewery,Low,Yes
U1059,135044,Restaurant Wu Zhuo Yi,I like it,Chinese,Medium,No
U1059,132862,La Posada Del Virrey,Don't Like,International,High,No
U1059,135085,Tortas Locas Hipocampo,I like it,Fast Food,Medium,No
U1059,135030,Preambulo Wifi Zone Cafe,I like it,Coffee Shop,Medium,No
U1128,135053,La Fontana Pizza Restaurante And Cafe,Don't Like,Cafeteria,High,No
U1059,132825,Puesto De Tacos,I like it,Mexican,Low,No
U1059,132754,Cabana Huasteca,I like it,Mexican,Medium,No
U1128,135058,Restaurante Tiberius,Don't Like,Pizzeria,Medium,Yes
U1128,132875,Shi Ro Ie,Don't Like,Japanese,High,Yes
U1128,135079,Koye Sushi,Don't Like,Chinese,High,No
U1128,132925,El Pueblito,Don't Like,Mexican,Medium,No
U1128,135064,Restaurante El Chivero S.A. De C.V.,Don't Like,Not Informed,High,No
U1128,132921,Crudalia,Don't Like,Bar,Low,No
U1128,135060,Restaurante Marisco Sam,Don't Like,Seafood,Medium,No
U1128,132954,La Parroquia,Don't Like,Breakfast,Medium,Yes
U1128,132951,Vips,Don't Like,American,Low,Yes
U1097,132921,Crudalia,I like it,Bar,Low,No
U1097,132955,Emilianos,I like it,Brewery,Low,Yes
U1097,132884,Dairy Queen,Okay,Not Informed,Low,Yes
U1097,135049,Restaurante De Mariscos La Langosta,I like it,Seafood,Medium,No
U1097,135034,Michiko Restaurant Japones,I like it,Japanese,Medium,No
U1006,132954,La Parroquia,Okay,Breakfast,Medium,Yes
U1006,135079,Koye Sushi,Okay,Chinese,High,No
U1006,132875,Shi Ro Ie,I like it,Japanese,High,Yes
U1006,135026,La Cantina,I like it,Bar,High,No
U1006,132922,Cafe Punta Del Cielo,I like it,Cafeteria,Medium,No
U1006,132572,Cafe Chaires,Okay,Cafeteria,Low,No
U1006,135075,Mariscos El Pescador,Okay,Seafood,Medium,No
U1006,132825,Puesto De Tacos,Okay,Mexican,Low,No
U1006,135048,Restaurante Bar Fu-Hao,Okay,Bar,High,No
U1006,135030,Preambulo Wifi Zone Cafe,Okay,Coffee Shop,Medium,No
U1006,132884,Dairy Queen,I like it,Not Informed,Low,Yes
U1131,135054,Restaurante Y Pescaderia Tampico,I like it,Seafood,High,No
U1131,132869,Dominos Pizza,Okay,Pizzeria,Medium,Yes
U1131,132866,Chaires,I like it,Bakery,Medium,No
U1131,135082,La Estrella De Dimas,Don't Like,Not Informed,None,None
U1131,132851,KFC,I like it,American,Low,Yes
U1131,132870,Tortas Y Hamburguesas El Gordo,Don't Like,Burgers,Low,No
U1073,135062,Restaurante El Cielo Potosino,Don't Like,Not Informed,Medium,No
U1073,132572,Cafe Chaires,Don't Like,Cafeteria,Low,No
U1073,135064,Restaurante El Chivero S.A. De C.V.,Don't Like,Not Informed,High,No
U1073,135080,Los Toneles,Don't Like,Not Informed,High,No
U1073,132951,Vips,Don't Like,American,Low,Yes
U1073,132954,La Parroquia,Don't Like,Breakfast,Medium,Yes
U1073,135052,La Cantina Restaurante,Don't Like,Bar,High,No
U1073,132834,Gorditas Doa Gloria,Don't Like,Mexican,Low,No
U1073,135060,Restaurante Marisco Sam,Don't Like,Seafood,Medium,No
U1073,135065,El Angel Restaurante,Don't Like,Not Informed,High,No
U1073,132862,La Posada Del Virrey,Don't Like,International,High,No
U1049,132921,Crudalia,Don't Like,Bar,Low,No
U1049,135042,Restaurant Oriental Express,Don't Like,Chinese,Medium,No
U1049,135032,Cafeteria Y Restaurant El Pacifico,Don't Like,Cafeteria,Medium,No
U1049,135051,Restaurante Versalles,Don't Like,Not Informed,Low,No
U1049,135085,Tortas Locas Hipocampo,Don't Like,Fast Food,Medium,No
U1049,132862,La Posada Del Virrey,Don't Like,International,High,No
U1049,135052,La Cantina Restaurante,Don't Like,Bar,High,No
U1058,135076,Restaurante Pueblo Bonito,I like it,Not Informed,High,No
U1058,135043,Pizza Clasica,Okay,Fast Food,Medium,Yes
U1058,135058,Restaurante Tiberius,I like it,Pizzeria,Medium,Yes
U1058,135053,La Fontana Pizza Restaurante And Cafe,I like it,Cafeteria,High,No
U1058,132885,Hamburguesas Saul,Okay,Cafeteria,Low,No
U1058,135050,Restaurante La Estrella De Dima,Okay,Not Informed,High,No
U1058,132872,Pizzeria Julios,I like it,American,Medium,No
U1058,135066,Restaurante Guerra,Okay,Not Informed,High,No
U1002,132921,Crudalia,I like it,Bar,Low,No
U1002,135062,Restaurante El Cielo Potosino,Okay,Not Informed,Medium,No
U1002,135106,El Rincón De San Francisco,Okay,Not Informed,None,None
U1002,132825,Puesto De Tacos,I like it,Mexican,Low,No
U1002,135052,La Cantina Restaurante,Okay,Bar,High,No
U1002,132862,La Posada Del Virrey,I like it,International,High,No
U1096,132875,Shi Ro Ie,I like it,Japanese,High,Yes
U1002,135059,Restaurant Bar Hacienda Los Martinez,Okay,Bar,Medium,No
U1002,135041,Luna Cafe,I like it,Bar,Medium,No
U1002,132925,El Pueblito,Okay,Mexican,Medium,No
U1002,135085,Tortas Locas Hipocampo,Okay,Fast Food,Medium,No
U1096,135025,El Rincon De San Francisco,I like it,Mexican,Medium,No
U1096,135072,Sushi Itto,Okay,Japanese,Medium,Yes
U1096,135064,Restaurante El Chivero S.A. De C.V.,Okay,Not Informed,High,No
U1096,135086,McDonalds Parque Tangamanga,Okay,Burgers,Medium,Yes
U1096,135055,La Cochinita Pibil Restaurante Yucateco,I like it,Mexican,High,No
U1136,135074,Restaurante La Parroquia Potosina,Okay,Contemporary,High,No
U1096,135026,La Cantina,I like it,Bar,High,No
U1136,132862,La Posada Del Virrey,I like it,International,High,No
U1096,132955,Emilianos,I like it,Brewery,Low,Yes
U1136,132921,Crudalia,I like it,Bar,Low,No
U1136,135072,Sushi Itto,Okay,Japanese,Medium,Yes
U1096,132723,Gordas De Morales,Okay,Mexican,Medium,No
U1136,135055,La Cochinita Pibil Restaurante Yucateco,I like it,Mexican,High,No
U1136,135064,Restaurante El Chivero S.A. De C.V.,Okay,Not Informed,High,No
U1096,132958,Tacos Los Volcanes,Okay,American,Low,Yes
U1096,135075,Mariscos El Pescador,Okay,Seafood,Medium,No
U1136,132958,Tacos Los Volcanes,I like it,American,Low,Yes
U1136,135048,Restaurante Bar Fu-Hao,Okay,Bar,High,No
U1136,135046,Restaurante El Reyecito,I like it,Fast Food,Medium,No
U1136,135028,La Virreina,I like it,Mexican,Medium,No
U1097,135086,McDonalds Parque Tangamanga,I like it,Burgers,Medium,Yes
U1097,135053,La Fontana Pizza Restaurante And Cafe,I like it,Cafeteria,High,No
U1097,132861,Carl's Jr,I like it,Burgers,Medium,Yes
U1058,135062,Restaurante El Cielo Potosino,I like it,Not Informed,Medium,No
U1058,135055,La Cochinita Pibil Restaurante Yucateco,I like it,Mexican,High,No
U1010,135053,La Fontana Pizza Restaurante And Cafe,Okay,Cafeteria,High,No
U1010,135058,Restaurante Tiberius,Okay,Pizzeria,Medium,Yes
U1010,135079,Koye Sushi,Don't Like,Chinese,High,No
U1003,135059,Restaurant Bar Hacienda Los Martinez,I like it,Bar,Medium,No
U1010,135064,Restaurante El Chivero S.A. De C.V.,Don't Like,Not Informed,High,No
U1010,135047,Restaurante Casa De Las Flores,Okay,Not Informed,High,No
U1010,135065,El Angel Restaurante,Okay,Not Informed,High,No
U1102,132854,Sirlone,I like it,International,Medium,No
U1102,132858,Hamburguesas Valle Dorado,I like it,Burgers,Low,No
U1010,135042,Restaurant Oriental Express,I like it,Chinese,Medium,No
U1102,132870,Tortas Y Hamburguesas El Gordo,I like it,Burgers,Low,No
U1010,135076,Restaurante Pueblo Bonito,Okay,Not Informed,High,No
U1102,132847,Don Burguers,I like it,Not Informed,Low,No
U1013,132951,Vips,I like it,American,Low,Yes
U1013,135060,Restaurante Marisco Sam,Okay,Seafood,Medium,No
U1028,132732,Taqueria El Amigo ,Okay,Mexican,Low,No
U1028,132733,Little Caesars,Okay,Pizzeria,Medium,Yes
U1028,135104,Vips,Don't Like,Not Informed,None,None
U1050,132732,Taqueria El Amigo ,Don't Like,Mexican,Low,No
U1050,132609,Pollo Frito Buenos Aires,Don't Like,Fast Food,Low,Yes
U1050,132608,Hamburguesas La Perica,Don't Like,Mexican,Low,Yes
U1050,132560,Puesto de Gorditas,Don't Like,Regional,Low,No
U1050,132740,Carreton De Flautas Y Migadas,Don't Like,Mexican,Low,No
U1050,132594,Tacos De Barbacoa Enfrente Del Tec,Don't Like,Mexican,Low,No
U1050,132584,Gorditas Doña Tota,Don't Like,Not Informed,None,None
U1028,132740,Carreton De Flautas Y Migadas,Okay,Mexican,Low,No
U1129,132706,Gorditas Dona Tota,Don't Like,Mexican,Medium,Yes
U1129,132654,Carnitas Mata  Calle 16 de Septiembre,Don't Like,Not Informed,Low,No
U1028,132630,Palomo Tec,I like it,Mexican,Low,No
U1028,132663,Tacos Abi,Don't Like,Mexican,Low,No
U1028,132613,Carnitas Mata,I like it,Mexican,Medium,Yes
U1087,132667,Little Pizza Emilio Portes Gil,I like it,Armenian,Low,Yes
U1087,135104,Vips,Okay,Not Informed,None,None
U1087,132660,Carnitas Mata Calle Emilio Portes Gil,Okay,Not Informed,Low,No
U1087,132732,Taqueria El Amigo ,I like it,Mexican,Low,No
U1087,132740,Carreton De Flautas Y Migadas,Okay,Mexican,Low,No
U1087,132560,Puesto de Gorditas,Okay,Regional,Low,No
U1087,132594,Tacos De Barbacoa Enfrente Del Tec,Okay,Mexican,Low,No
U1087,132663,Tacos Abi,Okay,Mexican,Low,No
U1065,132626,La Perica Hamburguesa,Okay,Italian,Medium,Yes
U1065,132706,Gorditas Dona Tota,I like it,Mexican,Medium,Yes
U1129,132561,Cafe Ambar,Okay,Not Informed,Low,No
U1065,132665,Tacos Correcaminos,Okay,Mexican,Low,No
U1129,132665,Tacos Correcaminos,Don't Like,Mexican,Low,No
U1065,132561,Cafe Ambar,Okay,Not Informed,Low,No
U1039,132626,La Perica Hamburguesa,I like it,Italian,Medium,Yes
U1039,132564,Church's,Okay,Not Informed,Low,Yes
U1065,132654,Carnitas Mata  Calle 16 de Septiembre,Okay,Not Informed,Low,No
U1039,132665,Tacos Correcaminos,Okay,Mexican,Low,No
U1130,132654,Carnitas Mata  Calle 16 de Septiembre,Don't Like,Not Informed,Low,No
U1130,132561,Cafe Ambar,Don't Like,Not Informed,Low,No
U1130,132626,La Perica Hamburguesa,Don't Like,Italian,Medium,Yes
U1130,132706,Gorditas Dona Tota,Okay,Mexican,Medium,Yes
U1043,132608,Hamburguesas La Perica,Okay,Mexican,Low,Yes
U1043,132609,Pollo Frito Buenos Aires,Okay,Fast Food,Low,Yes
U1011,132717,Tortas Hawaii,I like it,Fast Food,Medium,No
U1043,132613,Carnitas Mata,Okay,Mexican,Medium,Yes
U1011,132564,Church's,Okay,Not Informed,Low,Yes
U1043,132732,Taqueria El Amigo ,Okay,Mexican,Low,No
U1043,132630,Palomo Tec,Okay,Mexican,Low,No
U1011,132715,Tacos De La Estacion,Okay,Mexican,Low,No
U1068,132733,Little Caesars,Okay,Pizzeria,Medium,Yes
U1068,132594,Tacos De Barbacoa Enfrente Del Tec,Okay,Mexican,Low,No
U1068,132660,Carnitas Mata Calle Emilio Portes Gil,Don't Like,Not Informed,Low,No
